{
    "variables": {
        "x": [
            [
                0.0,
                0.0,
                0.0,
                0.0,
                0.0,
                0.0,
                0.0,
                0.0,
                0.0,
                0.0
            ],
            [
                1.0,
                1.0,
                0.4772727272727273,
                1.0,
                0.0,
                1.0,
                1.0,
                1.0,
                1.0,
                0.0
            ],
            [
                0.0,
                0.0,
                0.5227272727272727,
                0.0,
                1.0,
                0.0,
                0.0,
                0.0,
                0.0,
                1.0
            ],
            [
                0.0,
                0.0,
                0.0,
                0.0,
                0.0,
                0.0,
                0.0,
                0.0,
                0.0,
                0.0
            ]
        ],
        "y": [
            0.0,
            1.0,
            1.0,
            0.0
        ]
    },
    "objective": 1975351.9572727273
}