{
    "variables": {
        "j": {
            "0": 42.307692307692314,
            "1": 134.6153846153846
        }
    },
    "objective": 1684.6153846153848
}