{
    "variables": {
        "ConductExperiment": {
            "0": 42.30769230769231,
            "1": 134.6153846153846
        }
    },
    "objective": 1684.6153846153848
}