{
    "variables": {
        "j": {
            "0": 423.0769230769231,
            "1": 1346.1538461538462
        }
    },
    "objective": 3369.2307692307695
}